slate_date,game_id,scheduled_start,team,side,open_timestamp,last_timestamp,events,actual_price_changes,open_price,current_price,ml_close_market,net_move_cents,net_move_implied_pp,max_toward_cents,max_away_cents,max_excursion_cents,max_toward_timestamp,max_away_timestamp,largest_single_move_cents,largest_single_move_timestamp,significant_reversals,reversal_from_max_toward_cents,late_move_cents_3h,late_move_cents_1h,coverage_3h,coverage_1h,minutes_before_start_last_seen,observed_path_hours,path_type,bet_pct,money_pct,money_ticket_delta_recap,total_game_bets,bet_count_percentile,bet_count_vs_daily_median,is_favorite_open,is_underdog_open,line_flip,line_flip_direction,pattern_version,pattern_tags,display_tags,has_observed_pattern,forward_frozen,signal_key,signal_version,trigger_timestamp,signal_ml_open,trigger_market_price,ml_move_cents_trigger,bet_pct_trigger,money_pct_trigger,bet_count,runline,runline_price,evidence_mode,win,loss,run_diff,result,forward_units,retrospective_units,graded,season,season_type,series_game_number,won_previous_game,lost_previous_game,rest_days,played_previous_day
20260825,294284,2026-08-25 22:40:00+00:00,BOS,away,2026-08-25 03:48:25.169461+00:00,2026-08-25 22:17:25.716591+00:00,18,17,-161.0,-147.0,-143.0,-14.0,-2.1716537143034453,0.0,-19.0,19.0,2026-08-25 03:48:25.169461+00:00,2026-08-25 15:54:25.667636+00:00,-10.0,2026-08-25 15:54:25.667636+00:00,0,14.0,1.0,1.0,True,True,22.57139015,18.48348531388889,SUSTAINED_AWAY,76.0,77.0,1.0,13222.0,45.0,0.9597154678086666,True,False,False,,market_patterns_v1,FAVORITE_RESISTANCE,FAVORITE_RESISTANCE,True,False,,,,,,,,,,,,RETROSPECTIVE_OBSERVED,True,False,4,W,,,True,2026,reg,2,True,False,0.0,True
20260825,294284,2026-08-25 22:40:00+00:00,MIA,home,2026-08-25 03:44:25.459174+00:00,2026-08-25 20:02:25.589706+00:00,14,14,135.0,128.0,133.0,7.0,1.3064576334453126,10.0,-7.0,10.0,2026-08-25 15:54:25.662510+00:00,2026-08-25 14:33:25.313246+00:00,7.0,2026-08-25 15:54:25.662510+00:00,1,3.0,-1.0,,True,False,157.5735049,16.30003625888889,STABLE,24.0,23.0,-1.0,13222.0,45.0,0.9597154678086666,False,True,False,,market_patterns_v1,PATH_REVERSAL,PATH_REVERSAL,True,False,,,,,,,,,,,,RETROSPECTIVE_OBSERVED,False,True,-4,L,,,True,2026,reg,2,False,True,0.0,True
20260825,294285,2026-08-25 22:40:00+00:00,DET,home,2026-08-24 20:18:56.906857+00:00,2026-08-25 20:45:25.636392+00:00,16,13,110.0,112.0,120.0,-2.0,-0.4492362982928988,0.0,-5.0,5.0,2026-08-24 20:18:56.906857+00:00,2026-08-25 15:15:25.700422+00:00,3.0,2026-08-25 16:30:55.719173+00:00,0,2.0,3.0,,True,False,114.5727268,24.441313759722224,STABLE,29.0,21.0,-8.0,12662.0,31.666666666666664,0.9190680119038978,False,True,False,,market_patterns_v1,,,False,False,,,,,,,,,,,,NO_PATTERN,True,False,3,W,,,True,2026,reg,2,False,True,0.0,True
20260825,294285,2026-08-25 22:40:00+00:00,TB,away,2026-08-24 20:18:56.899132+00:00,2026-08-25 19:50:25.738223+00:00,9,9,-130.0,-129.0,-130.0,-1.0,-0.18986140117713823,5.0,-2.0,5.0,2026-08-24 21:26:55.451612+00:00,2026-08-25 15:23:55.698238+00:00,3.0,2026-08-24 20:24:55.284191+00:00,0,6.0,1.0,,True,False,169.57102961666666,23.524677525277777,STABLE,71.0,79.0,8.0,12662.0,31.666666666666664,0.9190680119038978,True,False,False,,market_patterns_v1,,,False,False,,,,,,,,,,,,NO_PATTERN,False,True,-3,L,,,True,2026,reg,2,True,False,0.0,True
20260825,294286,2026-08-25 22:45:00+00:00,COL,away,2026-08-25 02:30:55.235673+00:00,2026-08-25 22:04:25.902902+00:00,21,19,120.0,143.0,147.0,-23.0,-4.302282080059855,0.0,-23.0,23.0,2026-08-25 02:30:55.235673+00:00,2026-08-25 22:04:25.902902+00:00,-9.0,2026-08-25 22:04:25.902902+00:00,2,23.0,-11.0,-14.0,True,True,40.56828496666667,19.558518674722222,CHOPPY,19.0,15.0,-4.0,8926.0,11.666666666666666,0.6478914132249401,False,True,False,,market_patterns_v1,PATH_REVERSAL,PATH_REVERSAL,True,False,,,,,,,,,,,,RETROSPECTIVE_OBSERVED,True,False,2,W,,,True,2026,reg,2,False,True,0.0,True
20260825,294286,2026-08-25 22:45:00+00:00,WSH,home,2026-08-25 02:30:55.244170+00:00,2026-08-25 22:43:55.778639+00:00,16,14,-141.0,-164.0,-158.0,23.0,3.614988054822077,24.0,0.0,24.0,2026-08-25 22:10:55.467966+00:00,2026-08-25 02:30:55.244170+00:00,14.0,2026-08-25 22:10:55.467966+00:00,0,1.0,13.0,13.0,True,True,1.0703560166666668,20.21681513027778,SUSTAINED_TOWARD,81.0,85.0,4.0,8926.0,11.666666666666666,0.6478914132249401,True,False,False,,market_patterns_v1,PUBLIC_STEAM,PUBLIC_STEAM,True,False,,,,,,,,,,,,RETROSPECTIVE_OBSERVED,False,True,-2,L,,,True,2026,reg,2,True,False,0.0,True
20260825,294287,2026-08-25 23:05:00+00:00,HOU,away,2026-08-24 20:18:57.262829+00:00,2026-08-25 19:31:25.837337+00:00,10,8,120.0,126.0,129.0,-6.0,-1.2067578439259818,0.0,-7.0,7.0,2026-08-24 20:18:57.262829+00:00,2026-08-25 18:11:25.383283+00:00,-3.0,2026-08-25 11:16:25.704677+00:00,0,6.0,,,False,False,213.56937771666665,23.207937363333336,STABLE,23.0,7.0,-16.0,13777.0,51.66666666666667,1.0,False,True,False,,market_patterns_v1,MONEY_TICKET_DIVERGENCE,MONEY_TICKET_DIVERGENCE,True,False,,,,,,,,,,,,RETROSPECTIVE_OBSERVED,True,False,2,W,,,True,2026,reg,1,False,True,1.0,False
20260825,294287,2026-08-25 23:05:00+00:00,NYY,home,2026-08-24 20:18:57.250282+00:00,2026-08-25 11:16:25.680426+00:00,6,5,-141.0,-140.0,-137.0,-1.0,-0.17289073305670755,4.0,-1.0,4.0,2026-08-24 21:30:55.364272+00:00,2026-08-25 11:16:25.680426+00:00,-5.0,2026-08-25 11:16:25.680426+00:00,0,5.0,,,False,False,708.5719929,14.957897262222222,STABLE,77.0,93.0,16.0,13777.0,51.66666666666667,1.0,True,False,False,,market_patterns_v1,MONEY_TICKET_DIVERGENCE,MONEY_TICKET_DIVERGENCE,True,False,,,,,,,,,,,,RETROSPECTIVE_OBSERVED,False,True,-2,L,,,True,2026,reg,1,True,False,1.0,False
20260825,294288,2026-08-25 23:07:00+00:00,KC,away,2026-08-24 20:18:57.149413+00:00,2026-08-25 21:23:25.537667+00:00,19,19,-100.0,113.0,118.0,-3.0516431924882625,-3.0516431924882625,0.0,-4.128440366972475,4.128440366972475,2026-08-24 20:18:57.149413+00:00,2026-08-25 19:48:25.892690+00:00,6.0,2026-08-25 07:15:25.309488+00:00,1,3.0516431924882625,4.0,,True,False,103.57437221666667,25.074552292777778,STABLE,35.0,23.0,-12.0,16261.0,71.66666666666667,1.1803005008347245,False,True,True,FAV_TO_DOG,market_patterns_v1,LINE_FLIP|PATH_REVERSAL,LINE_FLIP|PATH_REVERSAL,True,False,,,,,,,,,,,,RETROSPECTIVE_OBSERVED,True,False,2,W,,,True,2026,reg,1,True,False,1.0,False
20260825,294288,2026-08-25 23:07:00+00:00,TOR,home,2026-08-24 20:18:57.156537+00:00,2026-08-25 20:25:25.729031+00:00,13,13,-120.0,-132.0,-127.0,12.0,2.3510971786833923,13.0,0.0,13.0,2026-08-25 19:50:55.403177+00:00,2026-08-24 20:18:57.156537+00:00,4.0,2026-08-25 14:37:25.295580+00:00,0,1.0,-1.0,,True,False,161.57118281666666,24.107936803888887,SUSTAINED_TOWARD,65.0,77.0,12.0,16261.0,71.66666666666667,1.1803005008347245,True,False,False,,market_patterns_v1,,,False,False,,,,,,,,,,,,NO_PATTERN,False,True,-2,L,,,True,2026,reg,1,False,True,1.0,False
20260825,294289,2026-08-25 23:10:00+00:00,MIL,away,2026-08-24 20:18:57.041034+00:00,2026-08-25 23:05:25.458820+00:00,10,9,-161.0,-165.0,-160.0,4.0,0.578327188606953,4.0,-2.0,4.0,2026-08-25 23:05:25.458820+00:00,2026-08-25 11:14:55.445390+00:00,3.0,2026-08-25 13:54:55.201062+00:00,0,0.0,1.0,1.0,True,True,4.5756863333333335,26.774560496111114,STABLE,83.0,90.0,7.0,14701.0,58.333333333333336,1.0670683022428686,True,False,False,,market_patterns_v1,,,False,False,,,,,,,,,,,,NO_PATTERN,False,True,-1,L,,,True,2026,reg,1,False,True,1.0,False
20260825,294289,2026-08-25 23:10:00+00:00,NYM,home,2026-08-24 20:18:57.054769+00:00,2026-08-25 22:15:55.526325+00:00,11,10,135.0,143.0,147.0,-8.0,-1.4009281148761044,0.0,-8.0,8.0,2026-08-24 20:18:57.054769+00:00,2026-08-25 14:10:25.632449+00:00,-3.0,2026-08-25 11:32:25.522597+00:00,0,8.0,-1.0,-1.0,True,True,54.07456125,25.949575432222222,STABLE,17.0,10.0,-7.0,14701.0,58.333333333333336,1.0670683022428686,False,True,False,,market_patterns_v1,,,False,False,,,,,,,,,,,,NO_PATTERN,True,False,1,W,,,True,2026,reg,1,False,True,1.0,False
20260825,294290,2026-08-25 23:15:00+00:00,ATL,home,2026-08-24 20:18:56.982266+00:00,2026-08-25 16:58:25.410118+00:00,12,10,135.0,136.0,142.0,-1.0,-0.18031013342950097,8.0,-1.0,8.0,2026-08-24 20:52:25.639006+00:00,2026-08-25 16:58:25.410118+00:00,5.0,2026-08-24 20:52:25.639006+00:00,3,9.0,,,False,False,376.57649803333334,20.657896625555555,STABLE,26.0,31.0,5.0,17826.0,98.33333333333333,1.293895623140016,False,True,False,,market_patterns_v1,PATH_REVERSAL,PATH_REVERSAL,True,False,,,,,,,,,,,,RETROSPECTIVE_OBSERVED,True,False,1,W,,,True,2026,reg,1,True,False,1.0,False
20260825,294290,2026-08-25 23:15:00+00:00,LAD,away,2026-08-24 20:18:56.975178+00:00,2026-08-25 18:48:55.613085+00:00,18,18,-162.0,-154.0,-152.0,-8.0,-1.2021398088597701,0.0,-11.0,11.0,2026-08-24 20:18:56.975178+00:00,2026-08-25 13:43:25.608748+00:00,-6.0,2026-08-24 20:52:25.603532+00:00,0,8.0,,,False,False,266.07311525,22.499621640833332,STABLE,74.0,69.0,-5.0,17826.0,98.33333333333333,1.293895623140016,True,False,False,,market_patterns_v1,,,False,False,,,,,,,,,,,,NO_PATTERN,False,True,-1,L,,,True,2026,reg,1,True,False,1.0,False
20260825,294291,2026-08-25 23:40:00+00:00,CWS,home,2026-08-24 20:18:57.287635+00:00,2026-08-25 20:45:25.712051+00:00,13,13,-108.0,-101.0,-101.0,-7.0,-1.6743207041714503,0.0,-8.0,8.0,2026-08-24 20:18:57.287635+00:00,2026-08-25 04:20:55.300130+00:00,-5.0,2026-08-25 04:20:55.300130+00:00,0,7.0,-2.0,,True,False,174.57146581666666,24.44122900444444,STABLE,44.0,65.0,21.0,13177.0,38.333333333333336,0.9564491543877477,False,False,False,,market_patterns_v1,MONEY_TICKET_DIVERGENCE,MONEY_TICKET_DIVERGENCE,True,False,,,,,,,,,,,,RETROSPECTIVE_OBSERVED,True,False,4,W,,,True,2026,reg,2,False,True,0.0,True
20260825,294291,2026-08-25 23:40:00+00:00,TEX,away,2026-08-24 20:18:57.278424+00:00,2026-08-25 20:45:25.720434+00:00,13,12,-110.0,-113.0,-113.0,3.0,0.670690811535879,10.0,0.0,10.0,2026-08-25 04:25:55.366822+00:00,2026-08-24 20:18:57.278424+00:00,-5.0,2026-08-25 13:20:55.620832+00:00,0,7.0,1.0,,True,False,174.5713261,24.441233891666666,STABLE,56.0,35.0,-21.0,13177.0,38.333333333333336,0.9564491543877477,False,False,False,,market_patterns_v1,MONEY_TICKET_DIVERGENCE,MONEY_TICKET_DIVERGENCE,True,False,,,,,,,,,,,,RETROSPECTIVE_OBSERVED,False,True,-4,L,,,True,2026,reg,2,True,False,0.0,True
20260825,294292,2026-08-25 23:45:00+00:00,BAL,away,2026-08-25 02:54:25.949062+00:00,2026-08-25 23:32:25.518700+00:00,10,10,104.0,108.0,108.0,-4.0,-0.9426847662141746,0.0,-8.0,8.0,2026-08-25 02:54:25.949062+00:00,2026-08-25 12:03:25.786509+00:00,-2.0,2026-08-25 04:12:55.306480+00:00,0,4.0,4.0,4.0,True,True,12.574688333333334,20.633213788333332,STABLE,40.0,10.0,-30.0,12419.0,25.0,0.9014299194309356,False,True,False,,market_patterns_v1,MONEY_TICKET_DIVERGENCE|STRONG_MONEY_TICKET_DIVERGENCE,MONEY_TICKET_DIVERGENCE|STRONG_MONEY_TICKET_DIVERGENCE,True,False,,,,,,,,,,,,RETROSPECTIVE_OBSERVED,True,False,12,W,,,True,2026,reg,1,False,True,1.0,False
20260825,294292,2026-08-25 23:45:00+00:00,STL,home,2026-08-25 02:54:25.954357+00:00,2026-08-25 23:10:55.688543+00:00,13,11,-126.0,-125.0,-125.0,-1.0,-0.1966568338249708,4.0,-1.0,4.0,2026-08-25 04:43:25.365525+00:00,2026-08-25 02:56:55.303565+00:00,4.0,2026-08-25 14:37:25.386402+00:00,0,5.0,-4.0,-3.0,True,True,34.07185761666667,20.274926162777778,STABLE,60.0,90.0,30.0,12419.0,25.0,0.9014299194309356,True,False,False,,market_patterns_v1,MONEY_TICKET_DIVERGENCE|STRONG_MONEY_TICKET_DIVERGENCE,MONEY_TICKET_DIVERGENCE|STRONG_MONEY_TICKET_DIVERGENCE,True,False,,,,,,,,,,,,RETROSPECTIVE_OBSERVED,False,True,-12,L,,,True,2026,reg,1,False,True,1.0,False
20260825,294293,2026-08-26 01:38:00+00:00,CLE,away,2026-08-24 20:18:57.521262+00:00,2026-08-26 01:25:25.198638+00:00,22,21,-139.0,-141.0,-143.0,2.0,0.34722825049046113,10.0,-4.0,10.0,2026-08-25 22:44:56.111738+00:00,2026-08-24 21:32:25.720534+00:00,7.0,2026-08-25 14:38:25.347352+00:00,3,8.0,-6.0,1.0,True,True,12.5800227,29.107688160000002,STABLE,80.0,96.0,16.0,16388.0,85.0,1.1895187631559847,True,False,False,,market_patterns_v1,MONEY_TICKET_DIVERGENCE|PATH_REVERSAL,MONEY_TICKET_DIVERGENCE|PATH_REVERSAL,True,False,,,,,,,,,,,,RETROSPECTIVE_OBSERVED,True,False,2,W,,,True,2026,reg,2,True,False,0.0,True
20260825,294293,2026-08-26 01:38:00+00:00,LAA,home,2026-08-24 20:18:57.528243+00:00,2026-08-25 18:52:25.625226+00:00,20,19,119.0,127.0,133.0,-8.0,-1.6092370204976558,6.0,-8.0,8.0,2026-08-25 00:28:55.679562+00:00,2026-08-25 14:12:55.322953+00:00,3.0,2026-08-24 21:32:25.708570+00:00,0,14.0,,,False,False,405.5729129,22.557804717499998,STABLE,20.0,4.0,-16.0,16388.0,85.0,1.1895187631559847,False,True,False,,market_patterns_v1,MONEY_TICKET_DIVERGENCE,MONEY_TICKET_DIVERGENCE,True,False,,,,,,,,,,,,RETROSPECTIVE_OBSERVED,False,True,-2,L,,,True,2026,reg,2,False,True,0.0,True
20260825,294294,2026-08-26 01:40:00+00:00,ARI,home,2026-08-24 20:18:57.381826+00:00,2026-08-26 01:04:55.287149+00:00,11,11,-107.0,-107.0,-103.0,0.0,0.0,3.0,-4.0,4.0,2026-08-24 22:34:55.368476+00:00,2026-08-25 21:59:25.443160+00:00,4.0,2026-08-25 22:45:55.710858+00:00,0,3.0,4.0,3.0,True,True,35.07854751666666,28.766084811944445,STABLE,39.0,82.0,43.0,16277.0,78.33333333333333,1.181461856717718,False,False,False,,market_patterns_v1,MONEY_TICKET_DIVERGENCE|STRONG_MONEY_TICKET_DIVERGENCE,MONEY_TICKET_DIVERGENCE|STRONG_MONEY_TICKET_DIVERGENCE,True,False,,,,,,,,,,,,RETROSPECTIVE_OBSERVED,True,False,1,W,,,True,2026,reg,2,False,True,0.0,True
20260825,294294,2026-08-26 01:40:00+00:00,CHC,away,2026-08-24 20:18:57.372360+00:00,2026-08-25 14:47:55.704351+00:00,10,10,-111.0,-109.0,-106.0,-2.0,-0.453525023243162,2.0,-4.0,4.0,2026-08-24 21:25:55.461608+00:00,2026-08-25 14:02:25.213198+00:00,-3.0,2026-08-24 21:26:55.557806+00:00,0,4.0,,,False,False,652.07159415,18.4828699975,STABLE,61.0,18.0,-43.0,16277.0,78.33333333333333,1.181461856717718,False,False,False,,market_patterns_v1,MONEY_TICKET_DIVERGENCE|STRONG_MONEY_TICKET_DIVERGENCE,MONEY_TICKET_DIVERGENCE|STRONG_MONEY_TICKET_DIVERGENCE,True,False,,,,,,,,,,,,RETROSPECTIVE_OBSERVED,False,True,-1,L,,,True,2026,reg,2,True,False,0.0,True
20260825,294295,2026-08-26 01:40:00+00:00,PIT,away,2026-08-24 20:18:57.681364+00:00,2026-08-25 23:55:26.104236+00:00,18,16,-104.0,115.0,120.0,-4.468764249885998,-4.468764249885998,3.0,-4.468764249885998,4.468764249885998,2026-08-24 21:14:55.377969+00:00,2026-08-25 23:55:26.104236+00:00,-5.0,2026-08-25 06:53:55.456835+00:00,0,7.468764249885998,-8.0,,True,False,104.5649294,27.60789524222222,STABLE,35.0,29.0,-6.0,15721.0,65.0,1.1411047397836975,False,True,True,FAV_TO_DOG,market_patterns_v1,LINE_FLIP,LINE_FLIP,True,False,,,,,,,,,,,,RETROSPECTIVE_OBSERVED,True,False,1,W,,,True,2026,reg,2,True,False,0.0,True
20260825,294295,2026-08-26 01:40:00+00:00,SD,home,2026-08-24 20:18:57.695708+00:00,2026-08-26 00:45:55.394646+00:00,28,26,-114.0,-133.0,-130.0,19.0,3.810517026994509,20.0,-3.0,20.0,2026-08-26 00:39:55.399310+00:00,2026-08-24 21:14:55.390977+00:00,7.0,2026-08-25 23:58:55.601452+00:00,0,1.0,11.0,-1.0,True,True,54.076755899999995,28.44936081611111,SUSTAINED_TOWARD,65.0,71.0,6.0,15721.0,65.0,1.1411047397836975,True,False,False,,market_patterns_v1,,,False,False,,,,,,,,,,,,NO_PATTERN,False,True,-1,L,,,True,2026,reg,2,False,True,0.0,True
20260825,294296,2026-08-26 01:40:00+00:00,ATH,home,2026-08-24 20:18:57.608534+00:00,2026-08-26 01:34:55.577954+00:00,22,20,127.0,128.0,133.0,-1.0,-0.1932143133163311,2.0,-5.0,5.0,2026-08-24 21:33:55.371419+00:00,2026-08-25 13:44:26.174350+00:00,-3.0,2026-08-25 11:34:25.523193+00:00,0,3.0,3.0,4.0,True,True,5.073700766666667,29.266102616666664,STABLE,15.0,5.0,-10.0,11834.0,18.333333333333332,0.8589678449589896,False,True,False,,market_patterns_v1,,,False,False,,,,,,,,,,,,NO_PATTERN,True,False,2,W,,,True,2026,reg,2,False,True,0.0,True
20260825,294296,2026-08-26 01:40:00+00:00,MIN,away,2026-08-24 20:18:57.601006+00:00,2026-08-26 01:39:55.473314+00:00,16,14,-153.0,-151.0,-146.0,-2.0,-0.31494575059445307,2.0,-3.0,3.0,2026-08-24 21:32:55.526707+00:00,2026-08-25 16:47:55.471437+00:00,-4.0,2026-08-25 01:48:25.676969+00:00,0,4.0,1.0,1.0,True,True,0.07544476666666666,29.349408974444447,STABLE,85.0,95.0,10.0,11834.0,18.333333333333332,0.8589678449589896,True,False,False,,market_patterns_v1,,,False,False,,,,,,,,,,,,NO_PATTERN,False,True,-2,L,,,True,2026,reg,2,True,False,0.0,True
20260825,294297,2026-08-26 01:40:00+00:00,PHI,away,2026-08-24 20:18:57.757741+00:00,2026-08-25 23:11:55.709771+00:00,18,18,-100.0,-100.0,102.0,0.0,0.0,6.0,-0.7389162561576346,6.0,2026-08-25 12:07:25.785158+00:00,2026-08-25 23:06:26.175406+00:00,-5.0,2026-08-25 04:11:55.370366+00:00,1,6.0,-4.0,,True,False,148.07150381666668,26.882764452777778,STABLE,59.0,66.0,7.0,16590.0,91.66666666666666,1.2041808811787762,False,True,False,,market_patterns_v1,PATH_REVERSAL,PATH_REVERSAL,True,False,,,,,,,,,,,,RETROSPECTIVE_OBSERVED,False,True,-3,L,,,True,2026,reg,2,False,True,0.0,True
20260825,294297,2026-08-26 01:40:00+00:00,SEA,home,2026-08-24 20:18:57.772875+00:00,2026-08-26 01:37:55.370318+00:00,17,17,-119.0,-113.0,-111.0,-6.0,-1.2862563508907354,0.0,-10.0,10.0,2026-08-24 20:18:57.772875+00:00,2026-08-25 19:36:55.761868+00:00,5.0,2026-08-25 23:03:55.847953+00:00,0,6.0,4.0,-1.0,True,True,2.0771613666666666,29.315999289722225,STABLE,41.0,34.0,-7.0,16590.0,91.66666666666666,1.2041808811787762,True,False,False,,market_patterns_v1,,,False,False,,,,,,,,,,,,NO_PATTERN,True,False,3,W,,,True,2026,reg,2,True,False,0.0,True
20260825,294298,2026-08-26 01:45:00+00:00,CIN,away,2026-08-24 20:18:57.438281+00:00,2026-08-25 16:12:55.383131+00:00,15,14,-106.0,-106.0,-102.0,0.0,0.0,4.0,-2.0,4.0,2026-08-24 22:34:55.453767+00:00,2026-08-25 13:48:25.972948+00:00,3.0,2026-08-24 21:27:55.613841+00:00,0,4.0,,,False,False,572.0769478166666,19.899429125,STABLE,47.0,60.0,13.0,8067.0,5.0,0.5855411192567322,False,True,False,,market_patterns_v1,,,False,False,,,,,,,,,,,,NO_PATTERN,False,True,-2,L,,,True,2026,reg,2,False,True,0.0,True
20260825,294298,2026-08-26 01:45:00+00:00,SF,home,2026-08-24 20:18:57.447514+00:00,2026-08-25 16:04:26.118937+00:00,13,12,-112.0,-108.0,-106.0,-4.0,-0.907111756168355,1.0,-4.0,4.0,2026-08-25 07:04:25.893236+00:00,2026-08-25 13:48:25.963642+00:00,2.0,2026-08-25 07:04:25.893236+00:00,0,5.0,,,False,False,580.5646843833333,19.75796428416667,STABLE,53.0,40.0,-13.0,8067.0,5.0,0.5855411192567322,True,False,False,,market_patterns_v1,,,False,False,,,,,,,,,,,,NO_PATTERN,True,False,2,W,,,True,2026,reg,2,True,False,0.0,True
20260826,294317,2026-08-26 17:10:00+00:00,DET,home,2026-08-25 18:12:55.245855+00:00,2026-08-26 16:58:25.953011+00:00,21,18,-119.0,-117.0,-119.0,-2.0,-0.42084885213475864,2.0,-3.0,3.0,2026-08-26 07:15:25.727864+00:00,2026-08-26 16:52:25.782518+00:00,4.0,2026-08-26 07:15:25.727864+00:00,0,4.0,-1.0,-1.0,True,True,11.567449816666668,22.758529765555558,STABLE,62.0,54.0,-8.0,13096.0,78.33333333333333,1.1437554585152838,True,False,False,,market_patterns_v1,,,False,False,,,,,,,,,,,,NO_PATTERN,False,True,-3,L,,,True,2026,reg,3,True,False,0.0,True
20260826,294317,2026-08-26 17:10:00+00:00,TB,away,2026-08-25 18:12:55.264182+00:00,2026-08-26 17:00:25.727420+00:00,28,21,-100.0,101.0,110.0,-0.2487562189054715,-0.2487562189054715,3.0,-1.4563106796116498,3.0,2026-08-26 05:12:55.521768+00:00,2026-08-26 08:42:55.306115+00:00,3.0,2026-08-26 05:12:55.521768+00:00,0,3.2487562189054717,1.0,1.0,True,True,9.571209666666666,22.79179534388889,STABLE,38.0,46.0,8.0,13096.0,78.33333333333333,1.1437554585152838,False,True,True,FAV_TO_DOG,market_patterns_v1,LINE_FLIP,LINE_FLIP,True,False,,,,,,,,,,,,RETROSPECTIVE_OBSERVED,True,False,3,W,,,True,2026,reg,3,False,True,0.0,True
20260826,294318,2026-08-26 19:40:00+00:00,ARI,home,2026-08-25 18:04:55.536265+00:00,2026-08-26 19:34:55.124692+00:00,13,11,-111.0,103.0,106.0,-3.345551327247681,-3.345551327247681,0.0,-7.0,7.0,2026-08-25 18:04:55.536265+00:00,2026-08-26 17:37:25.817919+00:00,-4.0,2026-08-26 18:34:55.255985+00:00,0,3.345551327247681,-2.4297375121962785,1.0,True,True,5.081255133333333,25.499885674166666,STABLE,47.0,40.0,-7.0,13076.0,71.66666666666667,1.1420087336244542,False,False,True,FAV_TO_DOG,market_patterns_v1,LINE_FLIP,LINE_FLIP,True,False,,,,,,,,,,,,RETROSPECTIVE_OBSERVED,True,False,2,W,,,True,2026,reg,3,True,False,0.0,True
20260826,294318,2026-08-26 19:40:00+00:00,CHC,away,2026-08-25 18:04:55.524644+00:00,2026-08-26 19:34:55.133993+00:00,18,17,-111.0,-118.0,-115.0,7.0,1.521805295882428,7.0,-4.0,7.0,2026-08-26 19:34:55.133993+00:00,2026-08-26 07:43:25.414910+00:00,3.0,2026-08-26 17:54:25.741614+00:00,0,0.0,11.0,4.0,True,True,5.081100116666667,25.499891485833334,STABLE,53.0,60.0,7.0,13076.0,71.66666666666667,1.1420087336244542,False,False,False,,market_patterns_v1,,,False,False,,,,,,,,,,,,NO_PATTERN,False,True,-2,L,,,True,2026,reg,3,False,True,0.0,True
20260826,294319,2026-08-26 19:45:00+00:00,CIN,away,2026-08-25 18:04:55.445724+00:00,2026-08-26 18:39:55.539522+00:00,22,18,-111.0,105.0,109.0,-3.826147266211999,-3.826147266211999,0.0,-11.0,11.0,2026-08-25 18:04:55.445724+00:00,2026-08-26 16:50:25.306584+00:00,-4.0,2026-08-25 19:43:55.604573+00:00,0,3.826147266211999,-3.0,,True,False,65.0743413,24.583359388333335,STABLE,44.0,18.0,-26.0,10582.0,31.666666666666664,0.9241921397379913,False,False,True,FAV_TO_DOG,market_patterns_v1,MONEY_TICKET_DIVERGENCE|STRONG_MONEY_TICKET_DIVERGENCE|LINE_FLIP,MONEY_TICKET_DIVERGENCE|STRONG_MONEY_TICKET_DIVERGENCE|LINE_FLIP,True,False,,,,,,,,,,,,RETROSPECTIVE_OBSERVED,True,False,1,W,,,True,2026,reg,3,False,True,0.0,True
20260826,294319,2026-08-26 19:45:00+00:00,SF,home,2026-08-25 18:04:55.457994+00:00,2026-08-26 18:36:25.607980+00:00,23,20,-111.0,-119.0,-118.0,8.0,1.7312644722889514,11.0,-2.0,11.0,2026-08-26 16:55:55.796901+00:00,2026-08-26 14:13:25.608367+00:00,8.0,2026-08-26 16:50:55.383034+00:00,0,3.0,9.0,,True,False,68.57320033333333,24.525041662777777,STABLE,56.0,82.0,26.0,10582.0,31.666666666666664,0.9241921397379913,False,False,False,,market_patterns_v1,MONEY_TICKET_DIVERGENCE|STRONG_MONEY_TICKET_DIVERGENCE,MONEY_TICKET_DIVERGENCE|STRONG_MONEY_TICKET_DIVERGENCE,True,False,,,,,,,,,,,,RETROSPECTIVE_OBSERVED,False,True,-1,L,,,True,2026,reg,3,True,False,0.0,True
20260826,294320,2026-08-26 20:07:00+00:00,CLE,away,2026-08-25 18:10:55.396061+00:00,2026-08-26 16:45:25.611206+00:00,13,12,-135.0,-138.0,-135.0,3.0,0.5363847666726262,8.0,0.0,8.0,2026-08-26 14:00:55.630178+00:00,2026-08-25 18:10:55.396061+00:00,5.0,2026-08-26 14:00:55.630178+00:00,0,5.0,,,False,False,201.57314656666668,22.575059762499997,STABLE,74.0,98.0,24.0,11450.0,51.66666666666667,1.0,True,False,False,,market_patterns_v1,MONEY_TICKET_DIVERGENCE,MONEY_TICKET_DIVERGENCE,True,False,,,,,,,,,,,,RETROSPECTIVE_OBSERVED,True,False,1,W,,,True,2026,reg,3,True,False,0.0,True
20260826,294320,2026-08-26 20:07:00+00:00,LAA,home,2026-08-25 18:10:55.421113+00:00,2026-08-26 16:45:25.603269+00:00,13,11,115.0,122.0,125.0,-7.0,-1.4665828619316978,0.0,-9.0,9.0,2026-08-25 18:10:55.421113+00:00,2026-08-26 14:00:55.589376+00:00,-3.0,2026-08-25 20:20:25.738471+00:00,0,7.0,,,False,False,201.57327885,22.575050598888886,STABLE,26.0,2.0,-24.0,11450.0,51.66666666666667,1.0,False,True,False,,market_patterns_v1,MONEY_TICKET_DIVERGENCE,MONEY_TICKET_DIVERGENCE,True,False,,,,,,,,,,,,RETROSPECTIVE_OBSERVED,False,True,-1,L,,,True,2026,reg,3,False,True,0.0,True
20260826,294321,2026-08-26 20:10:00+00:00,PHI,away,2026-08-25 18:13:55.404661+00:00,2026-08-26 19:04:25.875386+00:00,17,15,-130.0,-136.0,-134.0,6.0,1.1053795136330202,6.0,-5.0,6.0,2026-08-26 19:04:25.875386+00:00,2026-08-26 11:37:55.607896+00:00,4.0,2026-08-26 12:19:55.522696+00:00,0,0.0,6.0,,True,False,65.56874356666667,24.841797423611112,STABLE,66.0,84.0,18.0,13197.0,85.0,1.1525764192139738,True,False,False,,market_patterns_v1,MONEY_TICKET_DIVERGENCE,MONEY_TICKET_DIVERGENCE,True,False,,,,,,,,,,,,RETROSPECTIVE_OBSERVED,True,False,6,W,,,True,2026,reg,3,False,True,0.0,True
20260826,294321,2026-08-26 20:10:00+00:00,SEA,home,2026-08-25 18:13:55.393523+00:00,2026-08-26 19:16:55.421563+00:00,24,21,110.0,119.0,125.0,-9.0,-1.9569471624266144,4.0,-9.0,9.0,2026-08-25 20:02:55.366396+00:00,2026-08-26 18:59:25.505808+00:00,4.0,2026-08-25 20:02:55.366396+00:00,0,13.0,-4.0,-2.0,True,True,53.076307283333335,25.05000778888889,STABLE,34.0,16.0,-18.0,13197.0,85.0,1.1525764192139738,False,True,False,,market_patterns_v1,MONEY_TICKET_DIVERGENCE,MONEY_TICKET_DIVERGENCE,True,False,,,,,,,,,,,,RETROSPECTIVE_OBSERVED,False,True,-6,L,,,True,2026,reg,3,True,False,0.0,True
20260826,294322,2026-08-26 20:10:00+00:00,PIT,away,2026-08-25 18:12:55.685611+00:00,2026-08-26 19:16:55.464987+00:00,19,17,106.0,120.0,124.0,-14.0,-3.089143865842897,0.0,-15.0,15.0,2026-08-25 18:12:55.685611+00:00,2026-08-26 18:24:25.765354+00:00,-4.0,2026-08-26 03:16:25.595459+00:00,0,14.0,-1.0,1.0,True,True,53.075583550000005,25.066605382222225,SUSTAINED_AWAY,35.0,6.0,-29.0,9981.0,11.666666666666666,0.871703056768559,False,True,False,,market_patterns_v1,MONEY_TICKET_DIVERGENCE|STRONG_MONEY_TICKET_DIVERGENCE,MONEY_TICKET_DIVERGENCE|STRONG_MONEY_TICKET_DIVERGENCE,True,False,,,,,,,,,,,,RETROSPECTIVE_OBSERVED,False,True,-3,L,,,True,2026,reg,3,True,False,0.0,True
20260826,294322,2026-08-26 20:10:00+00:00,SD,home,2026-08-25 18:10:55.491604+00:00,2026-08-26 19:38:25.714710+00:00,10,10,-125.0,-135.0,-133.0,10.0,1.891252955082745,10.0,0.0,10.0,2026-08-26 03:16:25.573841+00:00,2026-08-25 18:10:55.491604+00:00,10.0,2026-08-26 03:16:25.573841+00:00,0,0.0,3.0,1.0,True,True,31.5714215,25.458395307222222,SUSTAINED_TOWARD,65.0,94.0,29.0,9981.0,11.666666666666666,0.871703056768559,True,False,False,,market_patterns_v1,MONEY_TICKET_DIVERGENCE|STRONG_MONEY_TICKET_DIVERGENCE,MONEY_TICKET_DIVERGENCE|STRONG_MONEY_TICKET_DIVERGENCE,True,False,,,,,,,,,,,,RETROSPECTIVE_OBSERVED,True,False,3,W,,,True,2026,reg,3,False,True,0.0,True
20260826,294323,2026-08-26 22:40:00+00:00,BOS,away,2026-08-25 18:18:55.284689+00:00,2026-08-26 22:38:25.655935+00:00,20,20,-156.0,-131.0,-129.0,-25.0,-4.22754329004329,8.0,-28.0,28.0,2026-08-25 20:53:55.863459+00:00,2026-08-26 19:17:55.528502+00:00,-8.0,2026-08-26 13:20:55.336649+00:00,0,33.0,3.0,3.0,True,True,1.5724010833333333,28.325103123888887,SUSTAINED_AWAY,78.0,94.0,16.0,15090.0,98.33333333333333,1.3179039301310043,True,False,False,,market_patterns_v1,FAVORITE_RESISTANCE|MONEY_TICKET_DIVERGENCE,FAVORITE_RESISTANCE|MONEY_TICKET_DIVERGENCE,True,False,,,,,,,,,,,,RETROSPECTIVE_OBSERVED,False,True,-4,L,,,True,2026,reg,3,True,False,0.0,True
20260826,294323,2026-08-26 22:40:00+00:00,MIA,home,2026-08-25 18:18:55.293702+00:00,2026-08-26 22:31:25.431328+00:00,23,22,130.0,116.0,120.0,14.0,2.8180354267310803,18.0,-5.0,18.0,2026-08-26 21:18:55.624519+00:00,2026-08-25 20:43:25.855925+00:00,10.0,2026-08-26 13:19:25.473630+00:00,0,4.0,-1.0,-4.0,True,True,8.576144533333332,28.208371562777778,SUSTAINED_TOWARD,22.0,6.0,-16.0,15090.0,98.33333333333333,1.3179039301310043,False,True,False,,market_patterns_v1,MONEY_TICKET_DIVERGENCE,MONEY_TICKET_DIVERGENCE,True,False,,,,,,,,,,,,RETROSPECTIVE_OBSERVED,True,False,4,W,,,True,2026,reg,3,False,True,0.0,True
20260826,294324,2026-08-26 22:45:00+00:00,COL,away,2026-08-26 02:54:26.463746+00:00,2026-08-26 21:21:25.776564+00:00,19,19,106.0,118.0,121.0,-12.0,-2.6721296873608247,4.0,-13.0,13.0,2026-08-26 02:57:25.316506+00:00,2026-08-26 19:50:25.626498+00:00,-8.0,2026-08-26 03:02:55.463022+00:00,0,16.0,-7.0,,True,False,83.57039060000001,18.449809116111112,SUSTAINED_AWAY,32.0,16.0,-16.0,9754.0,5.0,0.8518777292576419,False,True,False,,market_patterns_v1,MONEY_TICKET_DIVERGENCE,MONEY_TICKET_DIVERGENCE,True,False,,,,,,,,,,,,RETROSPECTIVE_OBSERVED,True,False,12,W,,,True,2026,reg,3,True,False,0.0,True
20260826,294324,2026-08-26 22:45:00+00:00,WSH,home,2026-08-26 02:54:26.436101+00:00,2026-08-26 22:15:25.715645+00:00,17,16,-125.0,-133.0,-131.0,8.0,1.5259895088221231,10.0,-5.0,10.0,2026-08-26 19:53:55.680677+00:00,2026-08-26 02:57:25.310734+00:00,10.0,2026-08-26 03:02:55.471021+00:00,1,2.0,4.0,-2.0,True,True,29.571405916666667,19.349799873333335,STABLE,68.0,84.0,16.0,9754.0,5.0,0.8518777292576419,True,False,False,,market_patterns_v1,MONEY_TICKET_DIVERGENCE|PATH_REVERSAL,MONEY_TICKET_DIVERGENCE|PATH_REVERSAL,True,False,,,,,,,,,,,,RETROSPECTIVE_OBSERVED,False,True,-12,L,,,True,2026,reg,3,False,True,0.0,True
20260826,294325,2026-08-26 23:05:00+00:00,HOU,away,2026-08-26 03:14:25.543048+00:00,2026-08-26 22:23:25.536643+00:00,21,21,119.0,106.0,110.0,13.0,2.881588863767348,16.0,-1.0,16.0,2026-08-26 15:36:55.124743+00:00,2026-08-26 04:24:26.034697+00:00,5.0,2026-08-26 04:35:25.535990+00:00,0,3.0,0.0,0.0,True,True,41.57438928333333,19.149998220833336,SUSTAINED_TOWARD,33.0,19.0,-14.0,10602.0,38.333333333333336,0.9259388646288209,False,True,False,,market_patterns_v1,,,False,False,,,,,,,,,,,,NO_PATTERN,False,True,-6,L,,,True,2026,reg,2,True,False,0.0,True
20260826,294325,2026-08-26 23:05:00+00:00,NYY,home,2026-08-26 03:21:25.540294+00:00,2026-08-26 21:51:25.616361+00:00,14,13,-143.0,-119.0,-118.0,-24.0,-4.5098370821354035,0.0,-25.0,25.0,2026-08-26 03:21:25.540294+00:00,2026-08-26 15:23:25.734551+00:00,-6.0,2026-08-26 14:36:25.824712+00:00,0,24.0,0.0,,True,False,73.57306064999999,18.500021129722224,SUSTAINED_AWAY,67.0,81.0,14.0,10602.0,38.333333333333336,0.9259388646288209,True,False,False,,market_patterns_v1,,,False,False,,,,,,,,,,,,NO_PATTERN,True,False,6,W,,,True,2026,reg,2,False,True,0.0,True
20260826,294326,2026-08-26 23:07:00+00:00,KC,away,2026-08-25 18:24:55.450968+00:00,2026-08-26 19:24:55.760423+00:00,18,16,115.0,135.0,136.0,-20.0,-3.958436417615041,5.0,-20.0,20.0,2026-08-25 20:12:55.456138+00:00,2026-08-26 19:24:55.760423+00:00,-6.0,2026-08-26 14:11:25.729017+00:00,1,25.0,,,False,False,222.07065961666666,25.00008595972222,REVERSAL,35.0,41.0,6.0,11506.0,65.0,1.004890829694323,False,True,False,,market_patterns_v1,PATH_REVERSAL,PATH_REVERSAL,True,False,,,,,,,,,,,,RETROSPECTIVE_OBSERVED,False,True,-3,L,,,True,2026,reg,2,True,False,0.0,True
20260826,294326,2026-08-26 23:07:00+00:00,TOR,home,2026-08-25 18:24:55.458971+00:00,2026-08-26 22:46:55.710386+00:00,19,19,-135.0,-156.0,-149.0,21.0,3.490691489361697,21.0,-3.0,21.0,2026-08-26 22:46:55.710386+00:00,2026-08-26 02:38:25.821032+00:00,7.0,2026-08-26 14:11:25.682645+00:00,0,0.0,2.0,2.0,True,True,20.071493566666668,28.366736504166667,SUSTAINED_TOWARD,65.0,59.0,-6.0,11506.0,65.0,1.004890829694323,True,False,False,,market_patterns_v1,,,False,False,,,,,,,,,,,,NO_PATTERN,True,False,3,W,,,True,2026,reg,2,False,True,0.0,True
20260826,294327,2026-08-26 23:10:00+00:00,MIL,away,2026-08-25 18:24:55.384633+00:00,2026-08-26 23:02:55.445150+00:00,15,14,-152.0,-154.0,-152.0,2.0,0.3124609423822089,8.0,0.0,8.0,2026-08-25 20:44:26.336516+00:00,2026-08-25 18:24:55.384633+00:00,-7.0,2026-08-26 14:48:25.851731+00:00,0,6.0,2.0,-3.0,True,True,7.075914166666666,28.633350143611114,STABLE,75.0,89.0,14.0,10662.0,45.0,0.9311790393013101,True,False,False,,market_patterns_v1,,,False,False,,,,,,,,,,,,NO_PATTERN,True,False,7,W,,,True,2026,reg,2,False,True,0.0,True
20260826,294327,2026-08-26 23:10:00+00:00,NYM,home,2026-08-25 18:24:55.396926+00:00,2026-08-26 14:42:25.785539+00:00,7,7,125.0,135.0,141.0,-10.0,-1.8912529550827395,0.0,-12.0,12.0,2026-08-25 18:24:55.396926+00:00,2026-08-26 11:15:25.689803+00:00,-3.0,2026-08-25 19:10:56.196174+00:00,0,10.0,,,False,False,507.57024101666667,20.29177461472222,SUSTAINED_AWAY,25.0,11.0,-14.0,10662.0,45.0,0.9311790393013101,False,True,False,,market_patterns_v1,,,False,False,,,,,,,,,,,,NO_PATTERN,False,True,-7,L,,,True,2026,reg,2,True,False,0.0,True
20260826,294328,2026-08-26 23:15:00+00:00,ATL,home,2026-08-25 18:28:55.638923+00:00,2026-08-26 23:01:25.288929+00:00,14,12,110.0,107.0,111.0,3.0,0.6901311249137343,4.0,-5.0,5.0,2026-08-26 19:40:55.278545+00:00,2026-08-26 12:45:55.473590+00:00,7.0,2026-08-26 19:40:55.278545+00:00,0,1.0,-1.0,-1.0,True,True,13.578517849999999,28.54156944611111,STABLE,17.0,11.0,-6.0,14616.0,91.66666666666666,1.2765065502183406,False,True,False,,market_patterns_v1,,,False,False,,,,,,,,,,,,NO_PATTERN,True,False,1,W,,,True,2026,reg,2,True,False,0.0,True
20260826,294328,2026-08-26 23:15:00+00:00,LAD,away,2026-08-25 18:28:55.633035+00:00,2026-08-26 19:47:26.338207+00:00,14,12,-132.0,-123.0,-119.0,-9.0,-1.73960105149219,0.0,-9.0,9.0,2026-08-25 18:28:55.633035+00:00,2026-08-26 19:47:26.338207+00:00,-3.0,2026-08-26 19:40:55.292025+00:00,0,9.0,,,False,False,207.56102988333333,25.308529214444444,STABLE,83.0,89.0,6.0,14616.0,91.66666666666666,1.2765065502183406,True,False,False,,market_patterns_v1,,,False,False,,,,,,,,,,,,NO_PATTERN,False,True,-1,L,,,True,2026,reg,2,False,True,0.0,True
20260826,294329,2026-08-26 23:40:00+00:00,CWS,home,2026-08-25 18:28:55.705851+00:00,2026-08-26 14:47:55.366178+00:00,7,6,-135.0,-124.0,-122.0,-11.0,-2.0896656534954428,0.0,-11.0,11.0,2026-08-25 18:28:55.705851+00:00,2026-08-26 14:47:55.366178+00:00,-6.0,2026-08-26 14:47:55.366178+00:00,0,11.0,,,False,False,532.0772303666666,20.316572313055556,SUSTAINED_AWAY,71.0,76.0,5.0,10526.0,18.333333333333332,0.9193013100436681,True,False,False,,market_patterns_v1,FAVORITE_RESISTANCE,FAVORITE_RESISTANCE,True,False,,,,,,,,,,,,RETROSPECTIVE_OBSERVED,True,False,6,W,,,True,2026,reg,3,True,False,0.0,True
20260826,294329,2026-08-26 23:40:00+00:00,TEX,away,2026-08-25 18:28:55.697664+00:00,2026-08-26 14:46:55.599244+00:00,16,14,115.0,107.0,112.0,8.0,1.7975508369846072,8.0,-1.0,8.0,2026-08-26 14:46:55.599244+00:00,2026-08-26 11:56:26.096963+00:00,8.0,2026-08-26 14:46:55.599244+00:00,0,0.0,,,False,False,533.0733459333334,20.299972661111113,STABLE,29.0,24.0,-5.0,10526.0,18.333333333333332,0.9193013100436681,False,True,False,,market_patterns_v1,,,False,False,,,,,,,,,,,,NO_PATTERN,False,True,-6,L,,,True,2026,reg,3,False,True,0.0,True
20260826,294330,2026-08-26 23:45:00+00:00,BAL,away,2026-08-25 18:28:55.762855+00:00,2026-08-26 21:36:25.802031+00:00,10,9,-111.0,-111.0,-107.0,0.0,0.0,0.0,-4.0,4.0,2026-08-25 18:28:55.762855+00:00,2026-08-26 11:48:25.787013+00:00,-3.0,2026-08-26 11:48:25.787013+00:00,0,0.0,0.0,,True,False,128.56996615,27.125010882222224,STABLE,55.0,19.0,-36.0,10546.0,25.0,0.9210480349344978,False,False,False,,market_patterns_v1,MONEY_TICKET_DIVERGENCE|STRONG_MONEY_TICKET_DIVERGENCE,MONEY_TICKET_DIVERGENCE|STRONG_MONEY_TICKET_DIVERGENCE,True,False,,,,,,,,,,,,RETROSPECTIVE_OBSERVED,True,False,1,W,,,True,2026,reg,2,True,False,0.0,True
20260826,294330,2026-08-26 23:45:00+00:00,STL,home,2026-08-25 18:28:55.783086+00:00,2026-08-26 18:37:42.056202+00:00,8,7,-111.0,-103.0,-101.0,-8.0,-1.8677188149324064,0.0,-8.0,8.0,2026-08-25 18:28:55.783086+00:00,2026-08-26 18:37:42.056202+00:00,-2.0,2026-08-25 18:39:55.918239+00:00,0,8.0,,,False,False,307.2990633,24.146186976666666,STABLE,45.0,81.0,36.0,10546.0,25.0,0.9210480349344978,False,False,False,,market_patterns_v1,MONEY_TICKET_DIVERGENCE|STRONG_MONEY_TICKET_DIVERGENCE,MONEY_TICKET_DIVERGENCE|STRONG_MONEY_TICKET_DIVERGENCE,True,False,,,,,,,,,,,,RETROSPECTIVE_OBSERVED,False,True,-1,L,,,True,2026,reg,2,False,True,0.0,True
20260826,294331,2026-08-27 01:05:00+00:00,ATH,home,2026-08-25 18:39:55.997971+00:00,2026-08-26 22:24:55.359118+00:00,17,14,120.0,117.0,122.0,3.0,0.6284038542103076,3.0,-2.0,3.0,2026-08-26 13:57:55.647267+00:00,2026-08-26 13:10:27.219468+00:00,-4.0,2026-08-26 15:00:55.603225+00:00,0,0.0,3.0,,True,False,160.07734803333332,27.749822540833335,STABLE,36.0,50.0,14.0,11500.0,58.333333333333336,1.0043668122270741,False,True,False,,market_patterns_v1,,,False,False,,,,,,,,,,,,NO_PATTERN,True,False,3,W,,,True,2026,reg,3,True,False,0.0,True
20260826,294331,2026-08-27 01:05:00+00:00,MIN,away,2026-08-25 18:32:55.547658+00:00,2026-08-27 00:20:25.292870+00:00,15,15,-141.0,-133.0,-131.0,-8.0,-1.4246790020123634,2.0,-8.0,8.0,2026-08-25 20:53:56.164687+00:00,2026-08-26 14:22:25.895281+00:00,-4.0,2026-08-26 13:10:27.232649+00:00,0,10.0,-1.0,-1.0,True,True,44.578452166666665,29.791595892222222,STABLE,64.0,50.0,-14.0,11500.0,58.333333333333336,1.0043668122270741,True,False,False,,market_patterns_v1,,,False,False,,,,,,,,,,,,NO_PATTERN,False,True,-3,L,,,True,2026,reg,3,False,True,0.0,True
20260827,294353,2026-08-27 17:05:00+00:00,COL,away,2026-08-26 17:02:55.448425+00:00,2026-08-27 16:55:55.682764+00:00,26,25,-100.0,125.0,130.0,-5.555555555555558,-5.555555555555558,4.0,-5.947136563876654,5.947136563876654,2026-08-26 22:37:55.283501+00:00,2026-08-27 14:35:26.007272+00:00,-10.0,2026-08-27 13:13:25.458919+00:00,0,9.555555555555557,-3.0,-3.0,True,True,9.071953933333333,23.8833984275,STABLE,27.0,32.0,5.0,12707.0,25.0,0.7659433393610608,False,True,True,FAV_TO_DOG,market_patterns_v1,LINE_FLIP,LINE_FLIP,True,False,,,,,,,,,,,,RETROSPECTIVE_OBSERVED,False,True,-6,L,,,True,2026,reg,4,True,False,0.0,True
20260827,294353,2026-08-27 17:05:00+00:00,WSH,home,2026-08-26 17:02:55.459721+00:00,2026-08-27 16:14:25.834421+00:00,26,25,-120.0,-140.0,-140.0,20.0,3.7878787878787956,22.0,-4.0,22.0,2026-08-27 14:24:55.209072+00:00,2026-08-26 20:40:55.685410+00:00,9.0,2026-08-27 13:13:55.443971+00:00,0,2.0,3.0,1.0,True,True,50.569426316666664,23.19177075,SUSTAINED_TOWARD,73.0,68.0,-5.0,12707.0,25.0,0.7659433393610608,True,False,False,,market_patterns_v1,PUBLIC_STEAM,PUBLIC_STEAM,True,False,,,,,,,,,,,,RETROSPECTIVE_OBSERVED,True,False,6,W,,,True,2026,reg,4,False,True,0.0,True
20260827,294354,2026-08-27 18:15:00+00:00,BAL,away,2026-08-26 21:10:55.448680+00:00,2026-08-27 18:10:25.600882+00:00,16,15,-118.0,-126.0,-126.0,8.0,1.6237720224080543,8.0,-1.0,8.0,2026-08-27 18:10:25.600882+00:00,2026-08-27 06:43:25.654841+00:00,-3.0,2026-08-27 06:43:25.654841+00:00,0,0.0,3.0,1.0,True,True,4.573318633333333,20.991708945,STABLE,63.0,47.0,-16.0,12344.0,10.714285714285714,0.7440626883664858,True,False,False,,market_patterns_v1,MONEY_TICKET_DIVERGENCE,MONEY_TICKET_DIVERGENCE,True,False,,,,,,,,,,,,RETROSPECTIVE_OBSERVED,False,True,-2,L,,,True,2026,reg,3,True,False,0.0,True
20260827,294354,2026-08-27 18:15:00+00:00,STL,home,2026-08-26 21:10:55.442119+00:00,2026-08-27 18:04:25.741699+00:00,16,10,-100.0,111.0,118.0,-2.6066350710900466,-2.6066350710900466,0.0,-2.8301886792452824,2.8301886792452824,2026-08-26 21:10:55.442119+00:00,2026-08-27 16:41:25.614107+00:00,-3.0,2026-08-27 15:58:55.290050+00:00,0,2.6066350710900466,-4.0,1.0,True,True,10.570971683333333,20.891749883333336,STABLE,37.0,53.0,16.0,12344.0,10.714285714285714,0.7440626883664858,False,True,True,FAV_TO_DOG,market_patterns_v1,MONEY_TICKET_DIVERGENCE|LINE_FLIP,MONEY_TICKET_DIVERGENCE|LINE_FLIP,True,False,,,,,,,,,,,,RETROSPECTIVE_OBSERVED,True,False,2,W,,,True,2026,reg,3,False,True,0.0,True
20260827,294355,2026-08-27 23:05:00+00:00,HOU,away,2026-08-26 17:12:55.465113+00:00,2026-08-27 21:57:25.485476+00:00,25,23,124.0,137.0,141.0,-13.0,-2.448764315852925,0.0,-16.0,16.0,2026-08-26 17:12:55.465113+00:00,2026-08-27 11:08:25.564870+00:00,-6.0,2026-08-26 17:25:25.705207+00:00,1,13.0,1.0,,True,False,67.57524206666668,28.741672323055557,REVERSAL,16.0,16.0,0.0,16837.0,67.85714285714286,1.0148884870403858,False,True,False,,market_patterns_v1,PATH_REVERSAL,PATH_REVERSAL,True,False,,,,,,,,,,,,RETROSPECTIVE_OBSERVED,True,False,4,W,,,True,2026,reg,3,False,True,0.0,True
20260827,294355,2026-08-27 23:05:00+00:00,NYY,home,2026-08-26 17:12:55.446188+00:00,2026-08-27 22:50:25.943695+00:00,26,26,-146.0,-158.0,-154.0,12.0,1.8907165815844174,16.0,0.0,16.0,2026-08-27 06:12:55.247722+00:00,2026-08-26 17:12:55.446188+00:00,8.0,2026-08-26 17:25:25.696017+00:00,2,4.0,3.0,1.0,True,True,14.567605083333332,29.625138196388885,CHOPPY,84.0,84.0,0.0,16837.0,67.85714285714286,1.0148884870403858,True,False,False,,market_patterns_v1,PUBLIC_STEAM|PATH_REVERSAL,PUBLIC_STEAM|PATH_REVERSAL,True,False,,,,,,,,,,,,RETROSPECTIVE_OBSERVED,False,True,-4,L,,,True,2026,reg,3,True,False,0.0,True
20260827,294356,2026-08-27 23:07:00+00:00,KC,away,2026-08-26 17:12:55.540052+00:00,2026-08-27 13:29:55.290306+00:00,21,18,-104.0,-108.0,-106.0,4.0,0.9426847662141857,12.0,0.0,12.0,2026-08-27 12:34:25.520455+00:00,2026-08-26 17:12:55.540052+00:00,8.0,2026-08-26 20:07:25.284817+00:00,1,8.0,,,False,False,577.0784949,20.283263959444444,STABLE,42.0,49.0,7.0,16590.0,53.57142857142857,1.0,False,True,False,,market_patterns_v1,PATH_REVERSAL,PATH_REVERSAL,True,False,,,,,,,,,,,,RETROSPECTIVE_OBSERVED,True,False,11,W,,,True,2026,reg,3,False,True,0.0,True
20260827,294356,2026-08-27 23:07:00+00:00,TOR,home,2026-08-26 17:12:55.532199+00:00,2026-08-27 20:08:55.617743+00:00,23,20,-112.0,-107.0,-103.0,-5.0,-1.1393674232066386,2.0,-12.0,12.0,2026-08-26 17:37:25.974157+00:00,2026-08-27 13:12:55.470834+00:00,-5.0,2026-08-26 20:06:55.309876+00:00,0,7.0,3.0,,True,False,178.07303761666665,26.933357095555557,STABLE,58.0,51.0,-7.0,16590.0,53.57142857142857,1.0,True,False,False,,market_patterns_v1,,,False,False,,,,,,,,,,,,NO_PATTERN,False,True,-11,L,,,True,2026,reg,3,True,False,0.0,True
20260827,294357,2026-08-27 23:10:00+00:00,MIL,away,2026-08-26 17:41:25.710107+00:00,2026-08-27 23:06:55.446648+00:00,32,32,-225.0,-200.0,-199.0,-25.0,-2.564102564102566,2.0,-34.0,34.0,2026-08-26 20:10:55.457631+00:00,2026-08-27 14:19:55.293529+00:00,-18.0,2026-08-27 14:08:55.715064+00:00,3,27.0,5.0,5.0,True,True,3.0758891999999998,29.424926816944446,CHOPPY,89.0,94.0,5.0,18725.0,82.14285714285714,1.128691983122363,True,False,False,,market_patterns_v1,FAVORITE_RESISTANCE|EXTREME_FAVORITE_RESISTANCE|PATH_REVERSAL,FAVORITE_RESISTANCE|EXTREME_FAVORITE_RESISTANCE|PATH_REVERSAL,True,False,,,,,,,,,,,,RETROSPECTIVE_OBSERVED,True,False,6,W,,,True,2026,reg,3,True,False,0.0,True
20260827,294357,2026-08-27 23:10:00+00:00,NYM,home,2026-08-26 17:41:25.703396+00:00,2026-08-27 22:35:25.785819+00:00,34,32,188.0,174.0,182.0,14.0,1.7741281427412825,23.0,-1.0,23.0,2026-08-27 20:41:25.453096+00:00,2026-08-27 13:57:25.539480+00:00,19.0,2026-08-27 14:09:26.349738+00:00,2,9.0,-7.0,-5.0,True,True,34.570236349999995,28.90002289527778,CHOPPY,11.0,6.0,-5.0,18725.0,82.14285714285714,1.128691983122363,False,True,False,,market_patterns_v1,LOW_PUBLIC_STEAM|PATH_REVERSAL,LOW_PUBLIC_STEAM|PATH_REVERSAL,True,False,,,,,,,,,,,,RETROSPECTIVE_OBSERVED,False,True,-6,L,,,True,2026,reg,3,False,True,0.0,True
20260827,294358,2026-08-27 23:15:00+00:00,ATL,home,2026-08-26 17:41:25.796922+00:00,2026-08-27 22:58:26.323658+00:00,36,33,-110.0,-117.0,-114.0,7.0,1.5360983102918557,18.0,-5.0,18.0,2026-08-27 20:20:25.783876+00:00,2026-08-26 20:40:55.784430+00:00,10.0,2026-08-26 20:52:55.531267+00:00,1,11.0,-7.0,1.0,True,True,16.561272366666667,29.28347964888889,REVERSAL,29.0,13.0,-16.0,19801.0,96.42857142857143,1.193550331525015,False,False,False,,market_patterns_v1,MONEY_TICKET_DIVERGENCE|PATH_REVERSAL,MONEY_TICKET_DIVERGENCE|PATH_REVERSAL,True,False,,,,,,,,,,,,RETROSPECTIVE_OBSERVED,True,False,1,W,,,True,2026,reg,3,True,False,0.0,True
20260827,294358,2026-08-27 23:15:00+00:00,LAD,away,2026-08-26 17:41:25.809107+00:00,2026-08-27 22:58:26.346142+00:00,43,38,-106.0,102.0,105.0,-1.9513601845621453,-1.9513601845621453,9.0,-6.0,9.0,2026-08-26 20:40:55.776604+00:00,2026-08-26 21:57:25.367660+00:00,-10.0,2026-08-26 20:52:55.522451+00:00,4,10.951360184562144,9.0,-1.0,True,True,16.560897633333333,29.283482509722223,STABLE,71.0,87.0,16.0,19801.0,96.42857142857143,1.193550331525015,False,False,True,FAV_TO_DOG,market_patterns_v1,MONEY_TICKET_DIVERGENCE|LINE_FLIP|PATH_REVERSAL,MONEY_TICKET_DIVERGENCE|LINE_FLIP|PATH_REVERSAL,True,False,,,,,,,,,,,,RETROSPECTIVE_OBSERVED,False,True,-1,L,,,True,2026,reg,3,False,True,0.0,True
20260827,294359,2026-08-28 01:45:00+00:00,ARI,away,2026-08-27 01:10:55.716804+00:00,2026-08-28 01:28:25.633877+00:00,14,14,-116.0,-120.0,-118.0,4.0,0.8417508417508324,4.0,-9.0,9.0,2026-08-28 01:28:25.633877+00:00,2026-08-27 16:13:55.768237+00:00,9.0,2026-08-27 22:35:26.005234+00:00,0,0.0,3.0,1.0,True,True,16.572768716666666,24.29164363138889,STABLE,62.0,64.0,2.0,15726.0,39.285714285714285,0.9479204339963834,True,False,False,,market_patterns_v1,,,False,False,,,,,,,,,,,,NO_PATTERN,False,True,-5,L,,,True,2026,reg,1,True,False,0.0,True
20260827,294359,2026-08-28 01:45:00+00:00,SF,home,2026-08-27 01:10:55.709608+00:00,2026-08-28 01:10:26.752446+00:00,12,11,-105.0,105.0,108.0,-2.4390243902439046,-2.4390243902439046,5.0,-2.675822874733602,5.0,2026-08-27 01:22:25.945178+00:00,2026-08-28 01:04:26.298626+00:00,-5.0,2026-08-27 01:35:55.456358+00:00,0,7.439024390243905,-3.0,0.0,True,True,34.5541259,23.991956343888887,STABLE,38.0,36.0,-2.0,15726.0,39.285714285714285,0.9479204339963834,False,True,True,FAV_TO_DOG,market_patterns_v1,LINE_FLIP,LINE_FLIP,True,False,,,,,,,,,,,,RETROSPECTIVE_OBSERVED,True,False,5,W,,,True,2026,reg,1,False,True,0.0,True
20260828,294383,2026-08-28 18:20:00+00:00,CHC,home,2026-08-27 19:54:55.396545+00:00,2026-08-28 18:07:55.686851+00:00,23,22,-182.0,-196.0,-196.0,14.0,1.6772091240176312,17.0,0.0,17.0,2026-08-27 22:42:55.226176+00:00,2026-08-27 19:54:55.396545+00:00,13.0,2026-08-28 15:23:25.526199+00:00,3,3.0,12.0,3.0,True,True,12.071885816666667,22.21674730722222,CHOPPY,82.0,81.0,-1.0,13328.0,71.66666666666667,1.154339165078815,True,False,False,,market_patterns_v1,PUBLIC_STEAM|PATH_REVERSAL,PUBLIC_STEAM|PATH_REVERSAL,True,False,,,,,,,,,,,,RETROSPECTIVE_OBSERVED,False,True,-2,L,,,True,2026,reg,1,False,True,1.0,False
20260828,294383,2026-08-28 18:20:00+00:00,CIN,away,2026-08-27 19:54:55.390054+00:00,2026-08-28 18:03:25.389204+00:00,26,23,150.0,173.0,179.0,-23.0,-3.369963369963375,0.0,-24.0,24.0,2026-08-27 19:54:55.390054+00:00,2026-08-28 17:57:25.786090+00:00,-11.0,2026-08-28 15:22:26.784209+00:00,8,23.0,-14.0,0.0,True,True,16.5768466,22.141666430555556,CHOPPY,18.0,19.0,1.0,13328.0,71.66666666666667,1.154339165078815,False,True,False,,market_patterns_v1,PATH_REVERSAL,PATH_REVERSAL,True,False,,,,,,,,,,,,RETROSPECTIVE_OBSERVED,True,False,2,W,,,True,2026,reg,1,True,False,1.0,False
20260828,294384,2026-08-28 22:40:00+00:00,DET,home,2026-08-27 19:54:55.471219+00:00,2026-08-28 22:37:25.318104+00:00,25,21,180.0,160.0,166.0,20.0,2.7472527472527486,25.0,-9.0,25.0,2026-08-28 19:00:55.724880+00:00,2026-08-28 12:40:26.132969+00:00,8.0,2026-08-28 13:33:25.547956+00:00,0,5.0,-3.0,-2.0,True,True,2.5780316,26.70829080138889,SUSTAINED_TOWARD,13.0,4.0,-9.0,15534.0,98.33333333333333,1.3454010046769445,False,True,False,,market_patterns_v1,LOW_PUBLIC_STEAM|STRONG_LOW_PUBLIC_STEAM,LOW_PUBLIC_STEAM|STRONG_LOW_PUBLIC_STEAM,True,False,,,,,,,,,,,,RETROSPECTIVE_OBSERVED,False,True,-1,L,,,True,2026,reg,1,False,True,1.0,False
20260828,294384,2026-08-28 22:40:00+00:00,LAD,away,2026-08-27 19:54:55.460382+00:00,2026-08-28 22:37:25.324185+00:00,26,23,-222.0,-183.0,-182.0,-39.0,-4.279788424818376,2.0,-41.0,41.0,2026-08-28 02:45:25.474151+00:00,2026-08-28 18:58:55.722311+00:00,-14.0,2026-08-28 13:38:26.436542+00:00,0,41.0,2.0,2.0,True,True,2.57793025,26.708295500833334,SUSTAINED_AWAY,87.0,96.0,9.0,15534.0,98.33333333333333,1.3454010046769445,True,False,False,,market_patterns_v1,FAVORITE_RESISTANCE|EXTREME_FAVORITE_RESISTANCE,FAVORITE_RESISTANCE|EXTREME_FAVORITE_RESISTANCE,True,False,,,,,,,,,,,,RETROSPECTIVE_OBSERVED,True,False,1,W,,,True,2026,reg,1,False,True,0.0,True
20260828,294385,2026-08-28 22:45:00+00:00,MIA,away,2026-08-27 20:02:55.624904+00:00,2026-08-28 20:58:25.844150+00:00,24,23,-141.0,-137.0,-134.0,-4.0,-0.7003168933942594,14.0,-4.0,14.0,2026-08-28 02:58:25.741100+00:00,2026-08-28 20:58:25.844150+00:00,-13.0,2026-08-28 20:45:25.932580+00:00,3,18.0,-14.0,,True,False,106.56926416666667,24.925060901666665,STABLE,74.0,84.0,10.0,11283.0,45.0,0.9772215485882557,True,False,False,,market_patterns_v1,PATH_REVERSAL,PATH_REVERSAL,True,False,,,,,,,,,,,,RETROSPECTIVE_OBSERVED,False,True,-7,L,,,True,2026,reg,1,True,False,1.0,False
20260828,294385,2026-08-28 22:45:00+00:00,WSH,home,2026-08-27 20:02:55.635582+00:00,2026-08-28 21:49:55.321876+00:00,25,24,120.0,122.0,125.0,-2.0,-0.40950040950040734,1.0,-12.0,12.0,2026-08-27 23:21:55.208912+00:00,2026-08-28 15:10:25.705773+00:00,7.0,2026-08-28 20:42:27.372575+00:00,3,3.0,10.0,-1.0,True,True,55.077968733333336,25.783246192777778,STABLE,26.0,16.0,-10.0,11283.0,45.0,0.9772215485882557,False,True,False,,market_patterns_v1,PATH_REVERSAL,PATH_REVERSAL,True,False,,,,,,,,,,,,RETROSPECTIVE_OBSERVED,True,False,7,W,,,True,2026,reg,1,True,False,0.0,True
20260828,294388,2026-08-28 23:10:00+00:00,HOU,away,2026-08-27 20:11:55.875886+00:00,2026-08-28 21:49:55.369044+00:00,19,19,-126.0,-108.0,-104.0,-18.0,-3.8291354663036015,4.0,-19.0,19.0,2026-08-28 02:35:25.722734+00:00,2026-08-28 18:55:26.045295+00:00,-10.0,2026-08-28 13:48:55.240779+00:00,0,22.0,1.0,,True,False,80.0771826,25.63319254388889,SUSTAINED_AWAY,65.0,92.0,27.0,10991.0,38.333333333333336,0.9519314048155205,True,False,False,,market_patterns_v1,MONEY_TICKET_DIVERGENCE|STRONG_MONEY_TICKET_DIVERGENCE,MONEY_TICKET_DIVERGENCE|STRONG_MONEY_TICKET_DIVERGENCE,True,False,,,,,,,,,,,,RETROSPECTIVE_OBSERVED,True,False,2,W,,,True,2026,reg,1,True,False,0.0,True
20260828,294388,2026-08-28 23:10:00+00:00,NYM,home,2026-08-27 20:11:55.868932+00:00,2026-08-28 22:16:27.329608+00:00,19,18,108.0,-107.0,-105.0,3.6138981791155658,3.6138981791155658,3.6138981791155658,-3.0,3.6138981791155658,2026-08-28 16:08:55.451084+00:00,2026-08-28 12:20:55.456505+00:00,4.0,2026-08-28 13:41:25.724205+00:00,0,0.0,0.0,2.0,True,True,53.54450653333333,26.075405743333334,STABLE,35.0,8.0,-27.0,10991.0,38.333333333333336,0.9519314048155205,False,True,True,DOG_TO_FAV,market_patterns_v1,MONEY_TICKET_DIVERGENCE|STRONG_MONEY_TICKET_DIVERGENCE|LINE_FLIP,MONEY_TICKET_DIVERGENCE|STRONG_MONEY_TICKET_DIVERGENCE|LINE_FLIP,True,False,,,,,,,,,,,,RETROSPECTIVE_OBSERVED,False,True,-2,L,,,True,2026,reg,1,False,True,0.0,True
20260828,294389,2026-08-28 23:10:00+00:00,CLE,home,2026-08-27 20:41:55.562801+00:00,2026-08-28 22:37:55.221575+00:00,17,16,-138.0,-132.0,-129.0,-6.0,-1.0866415531729956,3.0,-6.0,6.0,2026-08-28 05:20:25.366588+00:00,2026-08-28 12:22:55.473883+00:00,5.0,2026-08-28 12:33:25.644228+00:00,1,9.0,-2.0,-2.0,True,True,32.07964041666666,25.933238548333332,STABLE,64.0,66.0,2.0,10511.0,25.0,0.9103585657370518,True,False,False,,market_patterns_v1,PATH_REVERSAL,PATH_REVERSAL,True,False,,,,,,,,,,,,RETROSPECTIVE_OBSERVED,False,True,-3,L,,,True,2026,reg,1,True,False,1.0,False
20260828,294389,2026-08-28 23:10:00+00:00,KC,away,2026-08-27 20:41:55.569639+00:00,2026-08-28 17:21:55.528773+00:00,14,14,118.0,117.0,120.0,1.0,0.2113896757282352,3.0,-2.0,3.0,2026-08-28 00:20:55.291287+00:00,2026-08-27 21:46:26.759506+00:00,3.0,2026-08-28 12:22:55.480952+00:00,0,2.0,,,False,False,348.07452045,20.666655315,STABLE,36.0,34.0,-2.0,10511.0,25.0,0.9103585657370518,False,True,False,,market_patterns_v1,,,False,False,,,,,,,,,,,,NO_PATTERN,True,False,3,W,,,True,2026,reg,1,True,False,0.0,True
20260828,294390,2026-08-28 23:10:00+00:00,SD,away,2026-08-27 20:04:55.693467+00:00,2026-08-28 23:02:55.566773+00:00,14,14,110.0,111.0,114.0,-1.0,-0.22568269013766296,9.0,-6.0,9.0,2026-08-28 07:50:55.455387+00:00,2026-08-28 12:42:26.999430+00:00,10.0,2026-08-28 07:50:55.455387+00:00,1,10.0,5.0,0.0,True,True,7.073887116666667,26.96663147388889,STABLE,28.0,17.0,-11.0,12556.0,65.0,1.0874761822276113,False,True,False,,market_patterns_v1,PATH_REVERSAL,PATH_REVERSAL,True,False,,,,,,,,,,,,RETROSPECTIVE_OBSERVED,False,True,-5,L,,,True,2026,reg,1,True,False,1.0,False
20260828,294390,2026-08-28 23:10:00+00:00,TB,home,2026-08-27 20:04:55.705649+00:00,2026-08-28 23:02:55.556081+00:00,15,14,-132.0,-127.0,-124.0,-5.0,-0.9494151602612799,3.0,-7.0,7.0,2026-08-28 06:40:55.296057+00:00,2026-08-28 22:24:55.300025+00:00,-2.0,2026-08-28 11:14:26.202115+00:00,0,8.0,-5.0,0.0,True,True,7.074065316666666,26.966625120000003,STABLE,72.0,83.0,11.0,12556.0,65.0,1.0874761822276113,True,False,False,,market_patterns_v1,,,False,False,,,,,,,,,,,,NO_PATTERN,True,False,5,W,,,True,2026,reg,1,True,False,1.0,False
20260828,294386,2026-08-28 23:15:00+00:00,BOS,away,2026-08-27 20:04:55.767998+00:00,2026-08-28 19:41:26.283048+00:00,13,13,135.0,135.0,136.0,0.0,0.0,2.0,-5.0,5.0,2026-08-28 19:22:55.761329+00:00,2026-08-27 20:52:25.703856+00:00,5.0,2026-08-28 12:36:26.379392+00:00,0,2.0,,,False,False,213.56194920000002,23.60847640277778,STABLE,27.0,50.0,23.0,13853.0,85.0,1.1998094578208904,False,True,False,,market_patterns_v1,MONEY_TICKET_DIVERGENCE,MONEY_TICKET_DIVERGENCE,True,False,,,,,,,,,,,,RETROSPECTIVE_OBSERVED,False,True,-1,L,,,True,2026,reg,1,False,True,1.0,False
20260828,294386,2026-08-28 23:15:00+00:00,NYY,home,2026-08-27 20:04:55.775531+00:00,2026-08-28 21:51:25.909786+00:00,22,22,-161.0,-156.0,-149.0,-5.0,-0.7483237547892707,9.0,-11.0,11.0,2026-08-27 20:54:26.790357+00:00,2026-08-28 16:05:25.952677+00:00,5.0,2026-08-27 20:11:55.807640+00:00,2,14.0,6.0,,True,False,83.56817023333333,25.775037293055554,STABLE,73.0,50.0,-23.0,13853.0,85.0,1.1998094578208904,True,False,False,,market_patterns_v1,MONEY_TICKET_DIVERGENCE|PATH_REVERSAL,MONEY_TICKET_DIVERGENCE|PATH_REVERSAL,True,False,,,,,,,,,,,,RETROSPECTIVE_OBSERVED,True,False,1,W,,,True,2026,reg,1,False,True,0.0,True
20260828,294387,2026-08-28 23:15:00+00:00,SEA,away,2026-08-28 09:00:55.294656+00:00,2026-08-28 22:14:25.994974+00:00,23,23,130.0,127.0,130.0,3.0,0.57460256655813,4.0,-26.0,26.0,2026-08-28 20:20:55.282788+00:00,2026-08-28 11:40:26.934732+00:00,-13.0,2026-08-28 11:40:26.934732+00:00,1,1.0,3.0,,True,False,60.56675043333333,13.22519453277778,FAILED_STEAM,22.0,19.0,-3.0,8895.0,11.666666666666666,0.7703966741728737,False,True,False,,market_patterns_v1,PATH_REVERSAL,PATH_REVERSAL,True,False,,,,,,,,,,,,RETROSPECTIVE_OBSERVED,False,True,-7,L,,,True,2026,reg,1,False,True,1.0,False
20260828,294387,2026-08-28 23:15:00+00:00,TOR,home,2026-08-28 09:00:55.309059+00:00,2026-08-28 23:02:55.457821+00:00,26,26,-156.0,-140.0,-140.0,-16.0,-2.604166666666663,24.0,-16.0,24.0,2026-08-28 13:12:26.439167+00:00,2026-08-28 23:02:55.457821+00:00,-12.0,2026-08-28 13:26:26.483350+00:00,1,40.0,-7.0,-1.0,True,True,12.075702983333334,14.03337465611111,REVERSAL,78.0,81.0,3.0,8895.0,11.666666666666666,0.7703966741728737,True,False,False,,market_patterns_v1,FAVORITE_RESISTANCE|PATH_REVERSAL,FAVORITE_RESISTANCE|PATH_REVERSAL,True,False,,,,,,,,,,,,RETROSPECTIVE_OBSERVED,True,False,7,W,,,True,2026,reg,1,False,True,0.0,True
20260828,294391,2026-08-28 23:15:00+00:00,ATL,home,2026-08-27 22:24:55.536424+00:00,2026-08-28 17:32:55.457178+00:00,20,17,-200.0,-221.0,-218.0,21.0,2.180685358255452,30.0,0.0,30.0,2026-08-28 09:50:25.603338+00:00,2026-08-27 22:24:55.536424+00:00,-20.0,2026-08-27 23:20:25.711716+00:00,3,9.0,,,False,False,342.0757137,19.133311320555556,CHOPPY,94.0,97.0,3.0,14171.0,91.66666666666666,1.227351463710376,True,False,False,,market_patterns_v1,PUBLIC_STEAM|PATH_REVERSAL,PUBLIC_STEAM|PATH_REVERSAL,True,False,,,,,,,,,,,,RETROSPECTIVE_OBSERVED,True,False,2,W,,,True,2026,reg,1,True,False,0.0,True
20260828,294391,2026-08-28 23:15:00+00:00,COL,away,2026-08-27 22:24:55.525352+00:00,2026-08-28 23:02:55.611374+00:00,22,19,165.0,191.0,200.0,-26.0,-3.3715878882188965,0.0,-30.0,30.0,2026-08-27 22:24:55.525352+00:00,2026-08-28 15:53:55.444625+00:00,15.0,2026-08-27 23:20:25.721624+00:00,2,26.0,4.0,4.0,True,True,12.073143766666668,24.633357228333335,CHOPPY,6.0,3.0,-3.0,14171.0,91.66666666666666,1.227351463710376,False,True,False,,market_patterns_v1,PATH_REVERSAL,PATH_REVERSAL,True,False,,,,,,,,,,,,RETROSPECTIVE_OBSERVED,False,True,-2,L,,,True,2026,reg,1,False,True,0.0,True
20260828,294392,2026-08-28 23:40:00+00:00,MIL,home,2026-08-27 20:04:55.876378+00:00,2026-08-28 23:36:27.490181+00:00,35,32,-167.0,-216.0,-215.0,49.0,5.807613900346087,49.0,0.0,49.0,2026-08-28 23:36:27.490181+00:00,2026-08-27 20:04:55.876378+00:00,15.0,2026-08-28 16:18:55.622087+00:00,6,0.0,11.0,4.0,True,True,3.5418303166666667,27.525448278611112,CHOPPY,96.0,93.0,-3.0,11733.0,58.333333333333336,1.0161960852243201,True,False,False,,market_patterns_v1,PUBLIC_STEAM|PATH_REVERSAL,PUBLIC_STEAM|PATH_REVERSAL,True,False,,,,,,,,,,,,RETROSPECTIVE_OBSERVED,True,False,5,W,,,True,2026,reg,1,True,False,0.0,True
20260828,294392,2026-08-28 23:40:00+00:00,TEX,away,2026-08-27 20:04:55.870629+00:00,2026-08-28 16:18:55.632515+00:00,21,18,140.0,182.0,198.0,-42.0,-6.205673758865249,0.0,-42.0,42.0,2026-08-27 20:04:55.870629+00:00,2026-08-28 16:18:55.632515+00:00,-15.0,2026-08-28 16:07:25.421907+00:00,0,42.0,,,False,False,441.07279141666663,20.233267190555555,SUSTAINED_AWAY,4.0,7.0,3.0,11733.0,58.333333333333336,1.0161960852243201,False,True,False,,market_patterns_v1,,,False,False,,,,,,,,,,,,NO_PATTERN,False,True,-5,L,,,True,2026,reg,1,False,True,1.0,False
20260828,294393,2026-08-29 00:10:00+00:00,CWS,away,2026-08-27 20:02:55.771279+00:00,2026-08-28 23:43:55.905720+00:00,21,18,-100.0,115.0,117.0,-3.4883720930232567,-3.4883720930232567,5.0,-3.4883720930232567,5.0,2026-08-27 21:10:55.364947+00:00,2026-08-28 23:43:55.905720+00:00,-8.0,2026-08-28 13:21:25.637265+00:00,0,8.488372093023257,-3.0,-3.0,True,True,26.068238,27.683370678055557,STABLE,48.0,56.0,8.0,13596.0,78.33333333333333,1.1775506668976268,False,True,True,FAV_TO_DOG,market_patterns_v1,LINE_FLIP,LINE_FLIP,True,False,,,,,,,,,,,,RETROSPECTIVE_OBSERVED,True,False,3,W,,,True,2026,reg,1,True,False,1.0,False
20260828,294393,2026-08-29 00:10:00+00:00,MIN,home,2026-08-27 20:02:55.786078+00:00,2026-08-28 23:43:55.900096+00:00,26,25,-120.0,-131.0,-127.0,11.0,2.164502164502169,11.0,-5.0,11.0,2026-08-28 23:21:55.375975+00:00,2026-08-27 20:59:25.688670+00:00,7.0,2026-08-28 13:24:55.682759+00:00,0,0.0,3.0,2.0,True,True,26.06833173333333,27.683365005,SUSTAINED_TOWARD,52.0,44.0,-8.0,13596.0,78.33333333333333,1.1775506668976268,True,False,False,,market_patterns_v1,,,False,False,,,,,,,,,,,,NO_PATTERN,False,True,-3,L,,,True,2026,reg,1,False,True,1.0,False
20260828,294394,2026-08-29 00:15:00+00:00,PIT,away,2026-08-27 20:11:56.092010+00:00,2026-08-28 23:24:55.930700+00:00,22,22,-116.0,-115.0,-112.0,-1.0,-0.21533161068045814,3.0,-6.0,6.0,2026-08-28 02:53:25.786784+00:00,2026-08-27 20:49:55.629714+00:00,-6.0,2026-08-27 20:49:55.629714+00:00,0,4.0,-1.0,-1.0,True,True,50.06782166666667,27.216621858333333,STABLE,52.0,52.0,0.0,10168.0,18.333333333333332,0.8806513078122293,True,False,False,,market_patterns_v1,,,False,False,,,,,,,,,,,,NO_PATTERN,False,True,-3,L,,,True,2026,reg,1,False,True,1.0,False
20260828,294394,2026-08-29 00:15:00+00:00,STL,home,2026-08-27 20:11:56.081226+00:00,2026-08-28 23:24:55.921386+00:00,19,19,-102.0,100.0,104.0,-0.4950495049504955,-0.4950495049504955,8.0,-2.0,8.0,2026-08-27 20:49:55.619146+00:00,2026-08-28 02:53:25.777547+00:00,8.0,2026-08-27 20:49:55.619146+00:00,1,8.495049504950495,1.0,1.0,True,True,50.0679769,27.21662226666667,STABLE,48.0,48.0,0.0,10168.0,18.333333333333332,0.8806513078122293,False,True,True,FAV_TO_DOG,market_patterns_v1,LINE_FLIP|PATH_REVERSAL,LINE_FLIP|PATH_REVERSAL,True,False,,,,,,,,,,,,RETROSPECTIVE_OBSERVED,True,False,3,W,,,True,2026,reg,1,True,False,0.0,True
20260828,294395,2026-08-29 01:38:00+00:00,LAA,home,2026-08-27 20:11:56.168685+00:00,2026-08-29 01:16:55.528725+00:00,25,23,114.0,103.0,105.0,11.0,2.5321117812255434,12.0,-6.0,12.0,2026-08-29 00:04:55.468384+00:00,2026-08-28 00:53:25.462691+00:00,4.0,2026-08-28 22:26:55.613038+00:00,0,1.0,3.0,-1.0,True,True,21.07452125,29.083155566666665,SUSTAINED_TOWARD,25.0,26.0,1.0,11546.0,51.66666666666667,1.0,False,True,False,,market_patterns_v1,,,False,False,,,,,,,,,,,,NO_PATTERN,False,True,-2,L,,,True,2026,reg,1,False,True,1.0,False
20260828,294395,2026-08-29 01:38:00+00:00,PHI,away,2026-08-27 20:11:56.175273+00:00,2026-08-29 00:54:27.231201+00:00,24,23,-134.0,-118.0,-115.0,-16.0,-3.136516897984787,11.0,-16.0,16.0,2026-08-27 21:00:55.869095+00:00,2026-08-28 22:35:25.830808+00:00,10.0,2026-08-27 21:00:55.869095+00:00,1,27.0,0.0,0.0,True,True,43.54614665,28.708626646666666,REVERSAL,75.0,74.0,-1.0,11546.0,51.66666666666667,1.0,True,False,False,,market_patterns_v1,FAVORITE_RESISTANCE|PATH_REVERSAL,FAVORITE_RESISTANCE|PATH_REVERSAL,True,False,,,,,,,,,,,,RETROSPECTIVE_OBSERVED,True,False,2,W,,,True,2026,reg,1,True,False,1.0,False
20260828,294396,2026-08-29 01:40:00+00:00,ATH,home,2026-08-28 07:40:55.633993+00:00,2026-08-28 23:14:55.531339+00:00,16,16,120.0,-103.0,-100.0,5.284370801612187,5.284370801612187,5.764966740576499,-5.0,5.764966740576499,2026-08-28 22:35:25.945756+00:00,2026-08-28 13:12:27.035841+00:00,-5.0,2026-08-28 13:12:27.035841+00:00,0,0.48059593896431174,-2.0,,True,False,145.07447768333336,15.566638151666666,STABLE,30.0,20.0,-10.0,10920.0,31.666666666666664,0.9457820890351637,False,True,True,DOG_TO_FAV,market_patterns_v1,LINE_FLIP,RLM_V1|LINE_FLIP,True,True,rlm_v1|294396|ATH,rlm_v1,2026-08-28T22:40:14.567478Z,120.0,-105.0,25.0,20.0,8.0,7492.0,1.5,-161.0,FORWARD_FROZEN,False,True,-1,L,-1.0,,True,2026,reg,1,True,False,1.0,False
20260828,294396,2026-08-29 01:40:00+00:00,BAL,away,2026-08-28 07:34:55.311286+00:00,2026-08-29 01:16:55.602959+00:00,24,21,-141.0,-112.0,-108.0,-29.0,-5.676035387144762,8.0,-32.0,32.0,2026-08-28 13:12:26.955753+00:00,2026-08-29 01:09:55.399488+00:00,-18.0,2026-08-28 14:12:55.364912+00:00,0,37.0,0.0,0.0,True,True,23.073284016666666,17.70008102027778,SUSTAINED_AWAY,70.0,80.0,10.0,10920.0,31.666666666666664,0.9457820890351637,True,False,False,,market_patterns_v1,FAVORITE_RESISTANCE,FAVORITE_RESISTANCE,True,False,,,,,,,,,,,,RETROSPECTIVE_OBSERVED,True,False,1,W,,,True,2026,reg,1,False,True,0.0,True
20260828,294397,2026-08-29 02:15:00+00:00,ARI,away,2026-08-28 05:30:55.466583+00:00,2026-08-29 01:43:55.873394+00:00,17,15,-125.0,-117.0,-114.0,-8.0,-1.6385048643113187,10.0,-9.0,10.0,2026-08-28 13:28:27.002803+00:00,2026-08-29 00:52:55.790819+00:00,-9.0,2026-08-28 15:00:55.386038+00:00,0,18.0,0.0,1.0,True,True,31.068776766666666,20.21677966972222,STABLE,58.0,78.0,20.0,6553.0,5.0,0.5675558635025116,True,False,False,,market_patterns_v1,MONEY_TICKET_DIVERGENCE,MONEY_TICKET_DIVERGENCE,True,False,,,,,,,,,,,,RETROSPECTIVE_OBSERVED,True,False,4,W,,,True,2026,reg,2,False,True,0.0,True
20260828,294397,2026-08-29 02:15:00+00:00,SF,home,2026-08-28 05:30:55.490322+00:00,2026-08-29 01:43:55.866561+00:00,15,12,105.0,102.0,104.0,3.0,0.7244626901714568,4.0,-5.0,5.0,2026-08-29 00:52:55.783053+00:00,2026-08-28 13:16:27.944461+00:00,7.0,2026-08-28 15:09:55.377105+00:00,0,1.0,0.0,-1.0,True,True,31.06889065,20.2167711775,STABLE,42.0,22.0,-20.0,6553.0,5.0,0.5675558635025116,False,True,False,,market_patterns_v1,MONEY_TICKET_DIVERGENCE,MONEY_TICKET_DIVERGENCE,True,False,,,,,,,,,,,,RETROSPECTIVE_OBSERVED,False,True,-4,L,,,True,2026,reg,2,True,False,0.0,True
